[
  {
    "id": "repository.github",
    "username": "hiebra",
    "assets": {
      "zip": "https://github.com/{username}/{repository}/archive/v{version}.zip"
    }
  },
  {
    "id": "plugin.image.imagine",
    "username": "hiebra",
    "assets": {
      "zip": "https://github.com/{username}/{repository}/archive/v{version}.zip"
    }
  },
  {
    "id": "script.module.apisy",
    "username": "hiebra",
    "assets": {
      "zip": "https://github.com/{username}/{repository}/archive/v{version}.zip"
    }
  }
]
