[
  {
    "id": "repository.hiebra",
    "username": "hiebra",
    "assets": {
      "zip": "https://github.com/{username}/{repository}/archive/v{version}.zip"
    }
  },
  {
    "id": "plugin.executable.hiebra",
    "username": "hiebra",
    "assets": {
      "zip": "https://github.com/{username}/{repository}/archive/v{version}.zip"
    }
  },
  {
    "id": "script.module.hiebra",
    "username": "hiebra",
    "assets": {
      "zip": "https://github.com/{username}/{repository}/archive/v{version}.zip"
    }
  }
]
